retailer,product_name,category,materials,width_cm,depth_cm,height_cm,weight_kg,sku,distance_cm
realsense,capture_20260527_020922,chair,"wood, metal",74.67602273328946,97.40000367164612,33.17582224425507,,capture_20260527_020922,
realsense,capture_20260527_022745,chair,"wood, metal",82.9333528970352,171.30000591278076,110.74640497385576,,capture_20260527_022745,
realsense,capture_20260527_022745,chair,"wood, metal",86.18585820121729,114.50001001358032,110.96499732165664,,capture_20260527_022745,169.9000120162964
realsense,capture_20260527_022745,chair,"wood, metal",79.11888626437455,67.90000200271606,111.8550582732849,,capture_20260527_022745,170.40001153945923
realsense,capture_20260527_022745,chair,"wood, metal",75.17702004479717,4.699993133544922,93.25950702382193,,capture_20260527_022745,170.40001153945923
realsense,capture_20260527_022745,chair,"wood, metal",77.37432602534913,28.90000343322754,102.29305831654789,,capture_20260527_022745,170.90001106262207
