{
  "capture_id": "capture_20260527_022745",
  "width_cm": 77.37432602534913,
  "height_cm": 102.29305831654789,
  "distance_cm": 170.90001106262207,
  "depth_cm": 28.90000343322754,
  "roi": [
    274,
    78,
    281,
    402
  ],
  "roi_refined": [
    274,
    91,
    274,
    362
  ]
}